program_id,years_since_start,annual_earnings,cumulative_earnings,cumulative_earnings_net_of_debt
cs,0,0.0,0.0,0.0
cs,1,0.0,0.0,0.0
cs,2,0.0,0.0,0.0
cs,3,0.0,0.0,0.0
cs,4,0.0,0.0,-20350.575654021766
cs,5,87315.84195554563,87315.84195554563,65664.86451723188
cs,6,100550.50775548758,187866.34971103322,164831.87481441122
cs,7,113785.1735554295,301651.5232664627,277145.14542394655
cs,8,127019.83935537144,428671.36262183415,402599.0272351812
cs,9,127019.83935537144,555691.2019772056,527952.8443593455
cs,10,127019.83935537144,682711.041332577,653200.2026629357
cs,11,127019.83935537144,809730.8806879484,778334.299427317
cs,12,127019.83935537144,936750.7200433199,903347.8972401341
cs,13,127019.83935537144,1063770.5593986914,1028233.2962183821
cs,14,127019.83935537144,1190790.3987540628,1152982.3044565318
cs,15,127019.83935537144,1317810.2381094343,1277586.2065862908
cs,16,127019.83935537144,1444830.0774648057,1402035.7303273336
cs,17,127019.83935537144,1571849.916820177,1526321.0109006204
cs,18,127019.83935537144,1698869.7561755485,1650431.5531677322
cs,19,127019.83935537144,1825889.59553092,1774356.191350904
cs,20,127019.83935537144,1952909.4348862914,1898083.0461791726
cs,21,127019.83935537144,2079929.2742416628,2021599.479296159
cs,22,127019.83935537144,2206949.1135970345,2144892.044754513
cs,23,127019.83935537144,2333968.952952406,2267946.4374108473
cs,24,127019.83935537144,2460988.7923077773,2390747.438023113
cs,25,127019.83935537144,2588008.6316631488,2513278.8548396947
cs,26,127019.83935537144,2715028.47101852,2635523.4614560474
cs,27,127019.83935537144,2842048.3103738916,2757462.9307003766
cs,28,127019.83935537144,2969068.149729263,2879077.7642946104
cs,29,127019.83935537144,3096087.9890846345,3000347.218020708
cs,30,127019.83935537144,3223107.828440006,3121249.222105094
cs_expected,0,0.0,0.0,0.0
cs_expected,1,0.0,0.0,0.0
cs_expected,2,19768.32,19768.32,16105.216382276081
cs_expected,3,19768.32,39536.64,35639.46406110352
cs_expected,4,19768.32,59304.96,42134.386100034106
cs_expected,5,75650.4588515492,134955.4188515492,116687.64527937549
cs_expected,6,84120.64496351205,219076.06381506126,199640.97951162566
cs_expected,7,92590.83107547488,311666.89489053615,290989.908700111
cs_expected,8,101061.01718743771,412727.91207797383,390729.6664699805
cs_expected,9,101061.01718743771,513788.92926541157,490384.9957630675
cs_expected,10,101061.01718743771,614849.9464528493,589950.5015997054
cs_expected,11,101061.01718743771,715910.963640287,689420.4442610272
cs_expected,12,101061.01718743771,816971.9808277248,788788.7172601302
cs_expected,13,101061.01718743771,918032.9980151625,888048.8239055986
cs_expected,14,101061.01718743771,1019094.0152026003,987193.8523674353
cs_expected,15,101061.01718743771,1120155.032390038,1086216.449149706
cs_expected,16,101061.01718743771,1221216.0495774758,1185108.7908680865
cs_expected,17,101061.01718743771,1322277.0667649135,1283862.5542239943
cs_expected,18,101061.01718743771,1423338.0839523512,1382468.8840600671
cs_expected,19,101061.01718743771,1524399.101139789,1480918.3593743881
cs_expected,20,101061.01718743771,1625460.1183272267,1579200.9571630168
cs_expected,21,101061.01718743771,1726521.1355146645,1677306.0139520613
cs_expected,22,101061.01718743771,1827582.1527021022,1775222.1848716487
cs_expected,23,101061.01718743771,1928643.16988954,1872937.4001147205
cs_expected,24,101061.01718743771,2029704.1870769777,1970438.8186135474
cs_expected,25,101061.01718743771,2130765.2042644154,2067712.778756172
cs_expected,26,101061.01718743771,2231826.221451853,2164744.745953633
cs_expected,27,101061.01718743771,2332887.2386392904,2261519.2568567344
cs_expected,28,101061.01718743771,2433948.255826728,2358019.8600082668
cs_expected,29,101061.01718743771,2535009.2730141655,2454229.0527029047
cs_expected,30,101061.01718743771,2636070.290201603,2550128.2138124527
finance,0,0.0,0.0,0.0
finance,1,0.0,0.0,0.0
finance,2,0.0,0.0,0.0
finance,3,0.0,0.0,0.0
finance,4,0.0,0.0,-21726.37954102227
finance,5,60520.040234287,60520.040234287,37405.345040593405
finance,6,70485.34953202134,131005.38976630833,106413.66554973772
finance,7,80450.65882975569,211456.04859606404,185292.91320205457
finance,8,90415.96812749004,301872.01672355406,274037.0569778674
finance,9,90415.96812749004,392287.9848510441,362674.37117760803
finance,10,90415.96812749004,482703.9529785341,451198.0293913655
finance,11,90415.96812749004,573119.9211060242,539600.7690016355
finance,12,90415.96812749004,663535.8892335142,627874.863309655
finance,13,90415.96812749004,753951.8573610042,716012.0918806104
finance,14,90415.96812749004,844367.8254884942,804003.7089939034
finance,15,90415.96812749004,934783.7936159843,891840.410077389
finance,16,90415.96812749004,1025199.7617434743,979512.2959967628
finance,17,90415.96812749004,1115615.7298709643,1067008.835063038
finance,18,90415.96812749004,1206031.6979984543,1154318.8226123014
finance,19,90415.96812749004,1296447.6661259443,1241430.3380026163
finance,20,90415.96812749004,1386863.6342534344,1328330.6988630255
finance,21,90415.96812749004,1477279.6023809244,1415006.4124190686
finance,22,90415.96812749004,1567695.5705084144,1501443.123707996
finance,23,90415.96812749004,1658111.5386359044,1587625.5604849393
finance,24,90415.96812749004,1748527.5067633945,1673537.4746085824
finance,25,90415.96812749004,1838943.4748908845,1759161.5796813802
finance,26,90415.96812749004,1929359.4430183745,1844479.4847049827
finance,27,90415.96812749004,2019775.4111458645,1929471.623496247
finance,28,90415.96812749004,2110191.3792733545,2014117.1795929265
finance,29,90415.96812749004,2200607.3474008446,2098394.0063608373
finance,30,90415.96812749004,2291023.3155283346,2182278.541995871
finance_expected,0,0.0,0.0,0.0
finance_expected,1,0.0,0.0,0.0
finance_expected,2,19768.32,19768.32,15857.571682615991
finance_expected,3,19768.32,39536.64,35375.99486513515
finance_expected,4,19768.32,59304.96,40973.56673476304
finance_expected,5,58501.14574994368,117806.10574994367,98303.33645505807
finance_expected,6,64878.943700493655,182685.04945043733,161936.05319760853
finance_expected,7,71256.74165104365,253941.79110148098,231866.93398809643
finance_expected,8,77634.53960159363,331576.3307030746,308090.89022014476
finance_expected,9,77634.53960159363,409210.8703046682,384224.7101748792
finance_expected,10,77634.53960159363,486845.40990626183,460262.6341441793
finance_expected,11,77634.53960159363,564479.9495078555,536198.5343745758
finance_expected,12,77634.53960159363,642114.4891094491,612025.8915491528
finance_expected,13,77634.53960159363,719749.0287110427,687737.7697666435
finance_expected,14,77634.53960159363,797383.5683126363,763326.78992169
finance_expected,15,77634.53960159363,875018.10791423,838785.1013841023
finance_expected,16,77634.53960159363,952652.6475158236,914104.3518684206
finance_expected,17,77634.53960159363,1030287.1871174172,989275.6553781452
finance_expected,18,77634.53960159363,1107921.7267190109,1064289.5581015993
finance_expected,19,77634.53960159363,1185556.2663206044,1139136.0021285405
finance_expected,20,77634.53960159363,1263190.805922198,1213804.286848261
finance_expected,21,77634.53960159363,1340825.3455237919,1288283.0278810302
finance_expected,22,77634.53960159363,1418459.8851253856,1362560.1133852513
finance_expected,23,77634.53960159363,1496094.4247269793,1436622.6575726504
finance_expected,24,77634.53960159363,1573728.964328573,1510456.9512530824
finance_expected,25,77634.53960159363,1651363.5039301668,1584048.4092191523
finance_expected,26,77634.53960159363,1728998.0435317606,1657381.514268712
finance_expected,27,77634.53960159363,1806632.5831333543,1730439.7576503968
finance_expected,28,77634.53960159363,1884267.122734948,1803205.5757036295
finance_expected,29,77634.53960159363,1961901.6623365418,1875660.282449922
finance_expected,30,77634.53960159363,2039536.2019381355,1947783.9978767605
psychology,0,0.0,0.0,0.0
psychology,1,0.0,0.0,0.0
psychology,2,0.0,0.0,0.0
psychology,3,0.0,0.0,0.0
psychology,4,0.0,0.0,-22936.403136556262
psychology,5,32011.898606811144,32011.898606811144,7609.859309828935
psychology,6,38648.26614566379,70660.16475247493,44698.835144415556
psychology,7,45284.633684516426,115944.79843699135,88324.53986697698
psychology,8,51921.001223369065,167865.7996603604,138480.6065677221
psychology,9,51921.001223369065,219786.80088372948,188523.8939524716
psychology,10,51921.001223369065,271707.8021070985,238447.19542293326
psychology,11,51921.001223369065,323628.80333046755,288242.8438791841
psychology,12,51921.001223369065,375549.8045538366,337902.6822936161
psychology,13,51921.001223369065,427470.8057772056,387418.0324045571
psychology,14,51921.001223369065,479391.80700057466,436779.6614094139
psychology,15,51921.001223369065,531312.8082239437,485977.74652950774
psychology,16,51921.001223369065,583233.8094473127,535001.8373106023
psychology,17,51921.001223369065,635154.8106706818,583840.8155144355
psychology,18,51921.001223369065,687075.8118940508,632482.8524473205
psychology,19,51921.001223369065,738996.8131174198,680915.3635620434
psychology,20,51921.001223369065,790917.8143407889,729124.9601588239
psychology,21,51921.001223369065,842838.8155641579,777097.3979999654
psychology,22,51921.001223369065,894759.816787527,824817.5226409825
psychology,23,51921.001223369065,946680.818010896,872269.2112683874
psychology,24,51921.001223369065,998601.819234265,919435.3108209101
psychology,25,51921.001223369065,1050522.820457634,966297.5721566657
psychology,26,51921.001223369065,1102443.821681003,1012836.5800136029
psychology,27,51921.001223369065,1154364.8229043721,1059031.678494425
psychology,28,51921.001223369065,1206285.8241277412,1104860.8917899984
psychology,29,51921.001223369065,1258206.8253511102,1150300.8398369858
psychology,30,51921.001223369065,1310127.8265744792,1195326.6485860022
psychology_expected,0,0.0,0.0,0.0
psychology_expected,1,0.0,0.0,0.0
psychology_expected,2,19768.32,19768.32,15639.767435419872
psychology_expected,3,19768.32,39536.64,35144.272926543206
psychology_expected,4,19768.32,59304.96,39952.622663153306
psychology_expected,5,40255.93510835913,99560.89510835914,78971.94341568791
psychology_expected,6,44503.21033322482,144064.10544158396,122159.51973575106
psychology_expected,7,48750.48555809051,192814.59099967446,169510.30226723885
psychology_expected,8,52997.760782956204,245812.35178263066,221018.91900019237
psychology_expected,9,52997.760782956204,298810.11256558687,272432.37942835083
psychology_expected,10,52997.760782956204,351807.8733485431,323744.6030638376
psychology_expected,11,52997.760782956204,404805.6341314993,374949.1208756011
psychology_expected,12,52997.760782956204,457803.3949144555,426039.0504615054
psychology_expected,13,52997.760782956204,510801.1556974117,477007.06963391806
psychology_expected,14,52997.760782956204,563798.9164803679,527845.388317417
psychology_expected,15,52997.760782956204,616796.6772633241,578545.7186507606
psychology_expected,16,52997.760782956204,669794.4380462803,629099.243178374
psychology_expected,17,52997.760782956204,722792.1988292364,679496.581009271
psychology_expected,18,52997.760782956204,775789.9596121926,729727.7518135314
psychology_expected,19,52997.760782956204,828787.7203951487,779782.1375181531
psychology_expected,20,52997.760782956204,881785.4811781049,829648.4415552693
psychology_expected,21,52997.760782956204,934783.241961061,879314.6455063262
psychology_expected,22,52997.760782956204,987781.0027440172,928767.962975825
psychology_expected,23,52997.760782956204,1040778.7635269733,977994.7905175936
psychology_expected,24,52997.760782956204,1093776.5243099295,1026980.6554252505
psychology_expected,25,52997.760782956204,1146774.2850928856,1075710.1601864756
psychology_expected,26,52997.760782956204,1199772.0458758418,1124166.923387912
psychology_expected,27,52997.760782956204,1252769.806658798,1172333.5168438896
psychology_expected,28,52997.760782956204,1305767.567441754,1220191.3987076732
psychology_expected,29,52997.760782956204,1358765.3282247102,1267720.8423085217
psychology_expected,30,52997.760782956204,1411763.0890076663,1314900.8604414333
electrician,0,42670.0,42670.0,42670.0
electrician,1,42670.0,85340.0,85340.0
electrician,2,42670.0,128010.0,128010.0
electrician,3,42670.0,170680.0,170680.0
electrician,4,63190.0,233870.0,233870.0
electrician,5,63190.0,297060.0,297060.0
electrician,6,63190.0,360250.0,360250.0
electrician,7,63190.0,423440.0,423440.0
electrician,8,63190.0,486630.0,486630.0
electrician,9,63190.0,549820.0,549820.0
electrician,10,63190.0,613010.0,613010.0
electrician,11,63190.0,676200.0,676200.0
electrician,12,63190.0,739390.0,739390.0
electrician,13,63190.0,802580.0,802580.0
electrician,14,63190.0,865770.0,865770.0
electrician,15,63190.0,928960.0,928960.0
electrician,16,63190.0,992150.0,992150.0
electrician,17,63190.0,1055340.0,1055340.0
electrician,18,63190.0,1118530.0,1118530.0
electrician,19,63190.0,1181720.0,1181720.0
electrician,20,63190.0,1244910.0,1244910.0
electrician,21,63190.0,1308100.0,1308100.0
electrician,22,63190.0,1371290.0,1371290.0
electrician,23,63190.0,1434480.0,1434480.0
electrician,24,63190.0,1497670.0,1497670.0
electrician,25,63190.0,1560860.0,1560860.0
electrician,26,63190.0,1624050.0,1624050.0
electrician,27,63190.0,1687240.0,1687240.0
electrician,28,63190.0,1750430.0,1750430.0
electrician,29,63190.0,1813620.0,1813620.0
electrician,30,63190.0,1876810.0,1876810.0
electrician_expected,0,42670.0,42670.0,42670.0
electrician_expected,1,42670.0,85340.0,85340.0
electrician_expected,2,42670.0,128010.0,128010.0
electrician_expected,3,42670.0,170680.0,170680.0
electrician_expected,4,63190.0,233870.0,233870.0
electrician_expected,5,63190.0,297060.0,297060.0
electrician_expected,6,63190.0,360250.0,360250.0
electrician_expected,7,63190.0,423440.0,423440.0
electrician_expected,8,63190.0,486630.0,486630.0
electrician_expected,9,63190.0,549820.0,549820.0
electrician_expected,10,63190.0,613010.0,613010.0
electrician_expected,11,63190.0,676200.0,676200.0
electrician_expected,12,63190.0,739390.0,739390.0
electrician_expected,13,63190.0,802580.0,802580.0
electrician_expected,14,63190.0,865770.0,865770.0
electrician_expected,15,63190.0,928960.0,928960.0
electrician_expected,16,63190.0,992150.0,992150.0
electrician_expected,17,63190.0,1055340.0,1055340.0
electrician_expected,18,63190.0,1118530.0,1118530.0
electrician_expected,19,63190.0,1181720.0,1181720.0
electrician_expected,20,63190.0,1244910.0,1244910.0
electrician_expected,21,63190.0,1308100.0,1308100.0
electrician_expected,22,63190.0,1371290.0,1371290.0
electrician_expected,23,63190.0,1434480.0,1434480.0
electrician_expected,24,63190.0,1497670.0,1497670.0
electrician_expected,25,63190.0,1560860.0,1560860.0
electrician_expected,26,63190.0,1624050.0,1624050.0
electrician_expected,27,63190.0,1687240.0,1687240.0
electrician_expected,28,63190.0,1750430.0,1750430.0
electrician_expected,29,63190.0,1813620.0,1813620.0
electrician_expected,30,63190.0,1876810.0,1876810.0
